{
    "name": "root",
    "gauges": {
        "MoveToFinishLine.Policy.Entropy.mean": {
            "value": 0.30730730295181274,
            "min": 0.2998412251472473,
            "max": 1.343171238899231,
            "count": 40
        },
        "MoveToFinishLine.Policy.Entropy.sum": {
            "value": 15354.609375,
            "min": 14988.7626953125,
            "max": 67158.5625,
            "count": 40
        },
        "MoveToFinishLine.Environment.EpisodeLength.mean": {
            "value": 54.817673378076066,
            "min": 44.54280510018215,
            "max": 57.76705882352941,
            "count": 40
        },
        "MoveToFinishLine.Environment.EpisodeLength.sum": {
            "value": 49007.0,
            "min": 48908.0,
            "max": 49198.0,
            "count": 40
        },
        "MoveToFinishLine.SuccessRate.mean": {
            "value": 0.869615832363213,
            "min": 0.1857707509881423,
            "max": 0.88,
            "count": 40
        },
        "MoveToFinishLine.SuccessRate.sum": {
            "value": 1494.0,
            "min": 376.0,
            "max": 1502.0,
            "count": 40
        },
        "MoveToFinishLine.DeathRate.mean": {
            "value": 0.13038416763678695,
            "min": 0.12,
            "max": 0.8142292490118577,
            "count": 40
        },
        "MoveToFinishLine.DeathRate.sum": {
            "value": 224.0,
            "min": 204.0,
            "max": 1648.0,
            "count": 40
        },
        "MoveToFinishLine.TimeoutRate.mean": {
            "value": 0.0,
            "min": 0.0,
            "max": 0.0035949670461354103,
            "count": 40
        },
        "MoveToFinishLine.TimeoutRate.sum": {
            "value": 0.0,
            "min": 0.0,
            "max": 6.0,
            "count": 40
        },
        "MoveToFinishLine.Step.mean": {
            "value": 1999942.0,
            "min": 49977.0,
            "max": 1999942.0,
            "count": 40
        },
        "MoveToFinishLine.Step.sum": {
            "value": 1999942.0,
            "min": 49977.0,
            "max": 1999942.0,
            "count": 40
        },
        "MoveToFinishLine.Policy.ExtrinsicValueEstimate.mean": {
            "value": 1.080953598022461,
            "min": -0.05380399152636528,
            "max": 1.08981454372406,
            "count": 40
        },
        "MoveToFinishLine.Policy.ExtrinsicValueEstimate.sum": {
            "value": 1195.53466796875,
            "min": -73.01201629638672,
            "max": 1210.7008056640625,
            "count": 40
        },
        "MoveToFinishLine.Environment.CumulativeReward.mean": {
            "value": 1.8317117805254526,
            "min": 0.00825535843339492,
            "max": 1.8434517144236002,
            "count": 40
        },
        "MoveToFinishLine.Environment.CumulativeReward.sum": {
            "value": 1639.38204357028,
            "min": 8.387444168329239,
            "max": 1641.7669914662838,
            "count": 40
        },
        "MoveToFinishLine.Policy.ExtrinsicReward.mean": {
            "value": 1.8317117805254526,
            "min": 0.00825535843339492,
            "max": 1.8434517144236002,
            "count": 40
        },
        "MoveToFinishLine.Policy.ExtrinsicReward.sum": {
            "value": 1639.38204357028,
            "min": 8.387444168329239,
            "max": 1641.7669914662838,
            "count": 40
        },
        "MoveToFinishLine.Losses.PolicyLoss.mean": {
            "value": 0.02201935991489639,
            "min": 0.01992125465534627,
            "max": 0.027246536836028096,
            "count": 40
        },
        "MoveToFinishLine.Losses.PolicyLoss.sum": {
            "value": 0.11009679957448194,
            "min": 0.08852097135968506,
            "max": 0.13623268418014048,
            "count": 40
        },
        "MoveToFinishLine.Losses.ValueLoss.mean": {
            "value": 0.07803321088353793,
            "min": 0.07101142600178718,
            "max": 0.17575814416011176,
            "count": 40
        },
        "MoveToFinishLine.Losses.ValueLoss.sum": {
            "value": 0.39016605441768965,
            "min": 0.34545131313304106,
            "max": 0.8787907208005588,
            "count": 40
        },
        "MoveToFinishLine.Policy.LearningRate.mean": {
            "value": 4.3362685546100005e-06,
            "min": 4.3362685546100005e-06,
            "max": 0.0002961496887834374,
            "count": 40
        },
        "MoveToFinishLine.Policy.LearningRate.sum": {
            "value": 2.1681342773050003e-05,
            "min": 2.1681342773050003e-05,
            "max": 0.0014461543679485497,
            "count": 40
        },
        "MoveToFinishLine.Policy.Epsilon.mean": {
            "value": 0.10144539,
            "min": 0.10144539,
            "max": 0.19871656250000003,
            "count": 40
        },
        "MoveToFinishLine.Policy.Epsilon.sum": {
            "value": 0.50722695,
            "min": 0.41501025,
            "max": 0.9820514499999999,
            "count": 40
        },
        "MoveToFinishLine.Policy.Beta.mean": {
            "value": 8.2124961e-05,
            "min": 8.2124961e-05,
            "max": 0.004935956468750001,
            "count": 40
        },
        "MoveToFinishLine.Policy.Beta.sum": {
            "value": 0.000410624805,
            "min": 0.000410624805,
            "max": 0.024104367355,
            "count": 40
        },
        "MoveToFinishLine.IsTraining.mean": {
            "value": 1.0,
            "min": 1.0,
            "max": 1.0,
            "count": 40
        },
        "MoveToFinishLine.IsTraining.sum": {
            "value": 1.0,
            "min": 1.0,
            "max": 1.0,
            "count": 40
        }
    },
    "metadata": {
        "timer_format_version": "0.1.0",
        "start_time_seconds": "1768504030",
        "python_version": "3.10.11 (tags/v3.10.11:7d4cc5a, Apr  5 2023, 00:38:17) [MSC v.1929 64 bit (AMD64)]",
        "command_line_arguments": "D:\\inz\\jumpio\\venv-mlagents1\\Scripts\\mlagents-learn frontend_unity\\configs\\ppo_default.yaml --run-id=testWithVectors",
        "mlagents_version": "1.1.0",
        "mlagents_envs_version": "1.1.0",
        "communication_protocol_version": "1.5.0",
        "pytorch_version": "2.7.0+cu128",
        "numpy_version": "1.23.5",
        "end_time_seconds": "1768514821"
    },
    "total": 10791.2803267,
    "count": 1,
    "self": 0.008245999997598119,
    "children": {
        "run_training.setup": {
            "total": 0.07131850000041595,
            "count": 1,
            "self": 0.07131850000041595
        },
        "TrainerController.start_learning": {
            "total": 10791.200762200002,
            "count": 1,
            "self": 18.958202800022264,
            "children": {
                "TrainerController._reset_env": {
                    "total": 7.4678802999987965,
                    "count": 1,
                    "self": 7.4678802999987965
                },
                "TrainerController.advance": {
                    "total": 10764.72609739998,
                    "count": 2032761,
                    "self": 17.96071779734484,
                    "children": {
                        "env_step": {
                            "total": 10386.822017404023,
                            "count": 2032761,
                            "self": 5706.345467708266,
                            "children": {
                                "SubprocessEnvManager._take_step": {
                                    "total": 4667.849197597281,
                                    "count": 2032761,
                                    "self": 55.33091859827255,
                                    "children": {
                                        "TorchPolicy.evaluate": {
                                            "total": 4612.5182789990085,