{
    "name": "root",
    "gauges": {
        "MoveToFinishLine.Policy.Entropy.mean": {
            "value": 0.44654861092567444,
            "min": 0.42195335030555725,
            "max": 1.3757206201553345,
            "count": 9
        },
        "MoveToFinishLine.Policy.Entropy.sum": {
            "value": 22226.95703125,
            "min": 21097.66796875,
            "max": 69542.6796875,
            "count": 9
        },
        "MoveToFinishLine.Environment.EpisodeLength.mean": {
            "value": 236.25581395348837,
            "min": 58.80120481927711,
            "max": 236.25581395348837,
            "count": 9
        },
        "MoveToFinishLine.Environment.EpisodeLength.sum": {
            "value": 50795.0,
            "min": 47876.0,
            "max": 50795.0,
            "count": 9
        },
        "MoveToFinishLine.SuccessRate.mean": {
            "value": 0.02707275803722504,
            "min": 0.017080745341614908,
            "max": 0.13408939292861907,
            "count": 9
        },
        "MoveToFinishLine.SuccessRate.sum": {
            "value": 16.0,
            "min": 11.0,
            "max": 227.0,
            "count": 9
        },
        "MoveToFinishLine.DeathRate.mean": {
            "value": 0.6480541455160744,
            "min": 0.6480541455160744,
            "max": 0.9141127506621264,
            "count": 9
        },
        "MoveToFinishLine.DeathRate.sum": {
            "value": 383.0,
            "min": 383.0,
            "max": 2416.0,
            "count": 9
        },
        "MoveToFinishLine.TimeoutRate.mean": {
            "value": 0.3248730964467005,
            "min": 0.0,
            "max": 0.3248730964467005,
            "count": 9
        },
        "MoveToFinishLine.TimeoutRate.sum": {
            "value": 192.0,
            "min": 0.0,
            "max": 192.0,
            "count": 9
        },
        "MoveToFinishLine.Step.mean": {
            "value": 449961.0,
            "min": 49963.0,
            "max": 449961.0,
            "count": 9
        },
        "MoveToFinishLine.Step.sum": {
            "value": 449961.0,
            "min": 49963.0,
            "max": 449961.0,
            "count": 9
        },
        "MoveToFinishLine.Policy.ExtrinsicValueEstimate.mean": {
            "value": -0.08958879858255386,
            "min": -0.21029481291770935,
            "max": 0.1153174415230751,
            "count": 9
        },
        "MoveToFinishLine.Policy.ExtrinsicValueEstimate.sum": {
            "value": -81.79457092285156,
            "min": -253.40525817871094,
            "max": 106.78395080566406,
            "count": 9
        },
        "MoveToFinishLine.Policy.GailValueEstimate.mean": {
            "value": 11.520530700683594,
            "min": 5.258458137512207,
            "max": 12.480892181396484,
            "count": 9
        },
        "MoveToFinishLine.Policy.GailValueEstimate.sum": {
            "value": 10518.244140625,
            "min": 6336.44189453125,
            "max": 12142.765625,
            "count": 9
        },
        "MoveToFinishLine.Environment.CumulativeReward.mean": {
            "value": -0.002573768404680629,
            "min": -0.17952227035247517,
            "max": 0.18124833650436703,
            "count": 9
        },
        "MoveToFinishLine.Environment.CumulativeReward.sum": {
            "value": -0.5533602070063353,
            "min": -148.82396212220192,
            "max": 82.467993109487,
            "count": 9
        },
        "MoveToFinishLine.Policy.ExtrinsicReward.mean": {
            "value": -0.002573768404680629,
            "min": -0.17952227035247517,
            "max": 0.18124833650436703,
            "count": 9
        },
        "MoveToFinishLine.Policy.ExtrinsicReward.sum": {
            "value": -0.5533602070063353,
            "min": -148.82396212220192,
            "max": 82.467993109487,
            "count": 9
        },
        "MoveToFinishLine.Policy.GailReward.mean": {
            "value": 46.46125715319501,
            "min": 20.934019976830704,
            "max": 47.16923842036346,
            "count": 9
        },
        "MoveToFinishLine.Policy.GailReward.sum": {
            "value": 9989.170287936926,
            "min": 9989.170287936926,
            "max": 17466.454673677683,
            "count": 9
        },
        "MoveToFinishLine.Losses.PolicyLoss.mean": {
            "value": 0.023664406738244,
            "min": 0.021338380733504893,
            "max": 0.025854919431731106,
            "count": 9
        },
        "MoveToFinishLine.Losses.PolicyLoss.sum": {
            "value": 0.11832203369121999,
            "min": 0.09790430781431497,
            "max": 0.12927459715865552,
            "count": 9
        },
        "MoveToFinishLine.Losses.ValueLoss.mean": {
            "value": 3.8998599894841512,
            "min": 3.1454853614171348,
            "max": 5.2207341893514,
            "count": 9
        },
        "MoveToFinishLine.Losses.ValueLoss.sum": {
            "value": 19.499299947420756,
            "min": 15.167346962292989,
            "max": 26.103670946757,
            "count": 9
        },
        "MoveToFinishLine.Policy.LearningRate.mean": {
            "value": 0.00023674271108577004,
            "min": 0.00023674271108577004,
            "max": 0.0002961471012843,
            "count": 9
        },
        "MoveToFinishLine.Policy.LearningRate.sum": {
            "value": 0.0011837135554288501,
            "min": 0.0009747105750964999,
            "max": 0.0014459631180123,
            "count": 9
        },
        "MoveToFinishLine.Policy.Epsilon.mean": {
            "value": 0.17891422999999995,
            "min": 0.17891422999999995,
            "max": 0.19871570000000005,
            "count": 9
        },
        "MoveToFinishLine.Policy.Epsilon.sum": {
            "value": 0.8945711499999998,
            "min": 0.7249034999999999,
            "max": 0.9819877,
            "count": 9
        },
        "MoveToFinishLine.Policy.Beta.mean": {
            "value": 0.003947820077000001,
            "min": 0.003947820077000001,
            "max": 0.00493591343,
            "count": 9
        },
        "MoveToFinishLine.Policy.Beta.sum": {
            "value": 0.019739100385000007,
            "min": 0.01625268465,
            "max": 0.024101186230000002,
            "count": 9
        },
        "MoveToFinishLine.Policy.GAILPolicyEstimate.mean": {
            "value": 0.2623600380619367,
            "min": 0.2623600380619367,
            "max": 0.4944773428142071,
            "count": 9
        },
        "MoveToFinishLine.Policy.GAILPolicyEstimate.sum": {
            "value": 1.3118001903096834,
            "min": 1.1562332957983017,
            "max": 2.290823921561241,
            "count": 9
        },
        "MoveToFinishLine.Policy.GAILExpertEstimate.mean": {
            "value": 0.7109292916456859,
            "min": 0.5037646301090717,
            "max": 0.7109292916456859,
            "count": 9
        },
        "MoveToFinishLine.Policy.GAILExpertEstimate.sum": {
            "value": 3.5546464582284294,
            "min": 2.0150585204362867,
            "max": 3.5546464582284294,
            "count": 9
        },
        "MoveToFinishLine.Losses.GAILLoss.mean": {
            "value": 0.7467377380530039,
            "min": 0.7467377380530039,
            "max": 1.4013937811056771,
            "count": 9
        },
        "MoveToFinishLine.Losses.GAILLoss.sum": {
            "value": 3.7336886902650197,
            "min": 3.21530454158783,
            "max": 6.303061230977377,
            "count": 9
        },
        "MoveToFinishLine.Policy.GAILGradMagLoss.mean": {
            "value": 0.05232497297227383,
            "min": 0.0452465375761191,
            "max": 3.265543277934193,
            "count": 9
        },
        "MoveToFinishLine.Policy.GAILGradMagLoss.sum": {
            "value": 0.26162486486136916,
            "min": 0.2262326878805955,