{"count":1,"self":40.9136224,"total":41.458996299999995,"children":{"InitializeActuators":{"count":1,"self":0.00052129999999999993,"total":0.00052129999999999993,"children":null},"InitializeSensors":{"count":1,"self":0.0020109999999999998,"total":0.0020109999999999998,"children":null},"AgentSendState":{"count":8334,"self":0.0051034999999999995,"total":0.0456369,"children":{"CollectObservations":{"count":1342,"self":0.0315916,"total":0.0315916,"children":null},"WriteActionMask":{"count":1342,"self":0,"total":0,"children":null},"RequestDecision":{"count":1342,"self":0.0089418,"total":0.0089418,"children":null}}},"DecideAction":{"count":8334,"self":0.48255899999999996,"total":0.48255899999999996,"children":null},"AgentAct":{"count":8334,"self":0.014645499999999999,"total":0.014645499999999999,"children":null}},"gauges":{"MoveToFinishLine.CumulativeReward":{"count":7,"max":8.241576,"min":-0.846811533,"runningAverage":4.05854,"value":2.42299128,"weightedAverage":3.70888042}},"metadata":{"timer_format_version":"0.1.0","start_time_seconds":"1769905143","unity_version":"6000.2.1f1","command_line_arguments":"C:\\Program Files\\Unity\\Hub\\Editor\\6000.2.1f1\\Editor\\Unity.exe -projectpath D:\\inz\\jumpio\\frontend_unity","communication_protocol_version":"1.5.0","com.unity.ml-agents_version":"4.0.0","scene_name":"GameplayScene","end_time_seconds":"1769905185"}}