{"count":1,"self":1228.4968959999999,"total":1248.830876,"children":{"InitializeActuators":{"count":25,"self":0.0015118999999999998,"total":0.0015118999999999998,"children":null},"InitializeSensors":{"count":25,"self":0.0020017999999999998,"total":0.0020017999999999998,"children":null},"AgentSendState":{"count":30744,"self":0.3843039,"total":8.3249613,"children":{"CollectObservations":{"count":153725,"self":7.7892095999999995,"total":7.7892094,"children":null},"WriteActionMask":{"count":153725,"self":0.060207899999999995,"total":0.060207899999999995,"children":null},"RequestDecision":{"count":153725,"self":0.091240099999999991,"total":0.091240099999999991,"children":null}}},"DecideAction":{"count":30744,"self":11.506248,"total":11.5062476,"children":null},"AgentAct":{"count":30744,"self":0.4992143,"total":0.4992143,"children":null}},"gauges":{"MoveToFinishLine.CumulativeReward":{"count":2029,"max":3.78655219,"min":-9.291496,"runningAverage":1.74974656,"value":3.13998723,"weightedAverage":1.80384123}},"metadata":{"timer_format_version":"0.1.0","start_time_seconds":"1768665959","unity_version":"6000.2.1f1","command_line_arguments":"C:\\Program Files\\Unity\\Hub\\Editor\\6000.2.1f1\\Editor\\Unity.exe -projectpath D:\\inz\\jumpio\\frontend_unity -acceptSoftwareTermsForThisRunOnly -useHub -hubIPC -cloudEnvironment production","communication_protocol_version":"1.5.0","com.unity.ml-agents_version":"4.0.0","scene_name":"LoginMenuBrowseScene","end_time_seconds":"1768667208"}}