{"count":1,"self":13.9607776,"total":14.0705008,"children":{"InitializeActuators":{"count":1,"self":0.0015111999999999999,"total":0.0015111999999999999,"children":null},"InitializeSensors":{"count":1,"self":0.0020012,"total":0.0020012,"children":null},"AgentSendState":{"count":1485,"self":0.0025304999999999998,"total":0.0159485,"children":{"CollectObservations":{"count":168,"self":0.0054738999999999994,"total":0.0054738999999999994,"children":null},"WriteActionMask":{"count":168,"self":0,"total":0,"children":null},"RequestDecision":{"count":168,"self":0.0079440999999999991,"total":0.0079440999999999991,"children":null}}},"DecideAction":{"count":1485,"self":0.0877695,"total":0.0877695,"children":null},"AgentAct":{"count":1485,"self":0.0014961999999999998,"total":0.0014961999999999998,"children":null}},"gauges":{"MoveToFinishLine.CumulativeReward":{"count":6,"max":2.29159355,"min":1.23390591,"runningAverage":1.93945181,"value":1.28516257,"weightedAverage":1.78209889}},"metadata":{"timer_format_version":"0.1.0","start_time_seconds":"1769898690","unity_version":"6000.2.1f1","command_line_arguments":"C:\\Program Files\\Unity\\Hub\\Editor\\6000.2.1f1\\Editor\\Unity.exe -projectpath D:\\inz\\jumpio\\frontend_unity","communication_protocol_version":"1.5.0","com.unity.ml-agents_version":"4.0.0","scene_name":"LoginMenuBrowseScene","end_time_seconds":"1769898704"}}