{"count":1,"self":386.8022272,"total":1267.9194343,"children":{"InitializeActuators":{"count":25,"self":0.001023,"total":0.001023,"children":null},"InitializeSensors":{"count":25,"self":0.0025184,"total":0.0025184,"children":null},"AgentSendState":{"count":400151,"self":3.6729155999999996,"total":73.3592819,"children":{"CollectObservations":{"count":2000775,"self":40.4370656,"total":40.437064199999995,"children":null},"WriteActionMask":{"count":2000775,"self":0.7537585,"total":0.7537585,"children":null},"RequestDecision":{"count":2000775,"self":3.092542,"total":28.495543599999998,"children":{"AgentInfo.ToProto":{"count":2000775,"self":2.5949771999999998,"total":25.403001699999997,"children":{"GenerateSensorData":{"count":2000775,"self":22.808024,"total":22.808024399999997,"children":null}}}}}}},"DecideAction":{"count":400151,"self":801.5898112,"total":801.5898033,"children":null},"AgentAct":{"count":400151,"self":5.9190548,"total":5.92153,"children":{"AgentInfo.ToProto":{"count":188,"self":3.6E-06,"total":0.0024752999999999997,"children":{"GenerateSensorData":{"count":188,"self":0.0024717,"total":0.0024717,"children":null}}}}},"AgentInfo.ToProto":{"count":14298,"self":0.046664199999999996,"total":0.2425417,"children":{"GenerateSensorData":{"count":14298,"self":0.19587749999999998,"total":0.19587749999999998,"children":null}}}},"gauges":{"MoveToFinishLine.CumulativeReward":{"count":14486,"max":3.89492846,"min":-9.86963,"runningAverage":0.126678213,"value":3.53144073,"weightedAverage":3.55498743}},"metadata":{"timer_format_version":"0.1.0","start_time_seconds":"1768668010","unity_version":"6000.2.1f1","command_line_arguments":"C:\\Program Files\\Unity\\Hub\\Editor\\6000.2.1f1\\Editor\\Unity.exe -projectpath D:\\inz\\jumpio\\frontend_unity -acceptSoftwareTermsForThisRunOnly -useHub -hubIPC -cloudEnvironment production","communication_protocol_version":"1.5.0","com.unity.ml-agents_version":"4.0.0","scene_name":"TrainingScene","end_time_seconds":"1768669278"}}