{
    "name": "root",
    "gauges": {
        "MoveToFinishLine.Policy.Entropy.mean": {
            "value": 0.2736925780773163,
            "min": 0.2736925780773163,
            "max": 1.352189064025879,
            "count": 40
        },
        "MoveToFinishLine.Policy.Entropy.sum": {
            "value": 13699.955078125,
            "min": 13699.955078125,
            "max": 67689.234375,
            "count": 40
        },
        "MoveToFinishLine.Environment.EpisodeLength.mean": {
            "value": 54.06710671067107,
            "min": 46.364583333333336,
            "max": 57.593200468933176,
            "count": 40
        },
        "MoveToFinishLine.Environment.EpisodeLength.sum": {
            "value": 49147.0,
            "min": 48923.0,
            "max": 49217.0,
            "count": 40
        },
        "MoveToFinishLine.SuccessRate.mean": {
            "value": 0.849912739965096,
            "min": 0.1911021233569262,
            "max": 0.8821428571428571,
            "count": 40
        },
        "MoveToFinishLine.SuccessRate.sum": {
            "value": 1461.0,
            "min": 378.0,
            "max": 1482.0,
            "count": 40
        },
        "MoveToFinishLine.DeathRate.mean": {
            "value": 0.15008726003490402,
            "min": 0.11666666666666667,
            "max": 0.8088978766430738,
            "count": 40
        },
        "MoveToFinishLine.DeathRate.sum": {
            "value": 258.0,
            "min": 196.0,
            "max": 1600.0,
            "count": 40
        },
        "MoveToFinishLine.TimeoutRate.mean": {
            "value": 0.0,
            "min": 0.0,
            "max": 0.0049597024178549285,
            "count": 40
        },
        "MoveToFinishLine.TimeoutRate.sum": {
            "value": 0.0,
            "min": 0.0,
            "max": 8.0,
            "count": 40
        },
        "MoveToFinishLine.Step.mean": {
            "value": 1999996.0,
            "min": 49995.0,
            "max": 1999996.0,
            "count": 40
        },
        "MoveToFinishLine.Step.sum": {
            "value": 1999996.0,
            "min": 49995.0,
            "max": 1999996.0,
            "count": 40
        },
        "MoveToFinishLine.Policy.ExtrinsicValueEstimate.mean": {
            "value": 1.056268572807312,
            "min": 0.10093212872743607,
            "max": 1.0901545286178589,
            "count": 40
        },
        "MoveToFinishLine.Policy.ExtrinsicValueEstimate.sum": {
            "value": 1181.964599609375,
            "min": 140.295654296875,
            "max": 1206.801025390625,
            "count": 40
        },
        "MoveToFinishLine.Environment.CumulativeReward.mean": {
            "value": 1.7835034909683747,
            "min": 0.014273430658392159,
            "max": 1.857969147102857,
            "count": 40
        },
        "MoveToFinishLine.Environment.CumulativeReward.sum": {
            "value": 1621.2046732902527,
            "min": 14.21633693575859,
            "max": 1650.087163388729,
            "count": 40
        },
        "MoveToFinishLine.Policy.ExtrinsicReward.mean": {
            "value": 1.7835034909683747,
            "min": 0.014273430658392159,
            "max": 1.857969147102857,
            "count": 40
        },
        "MoveToFinishLine.Policy.ExtrinsicReward.sum": {
            "value": 1621.2046732902527,
            "min": 14.21633693575859,
            "max": 1650.087163388729,
            "count": 40
        },
        "MoveToFinishLine.Losses.PolicyLoss.mean": {
            "value": 0.02269728721740345,
            "min": 0.01940875647123903,
            "max": 0.02857768490212038,
            "count": 40
        },
        "MoveToFinishLine.Losses.PolicyLoss.sum": {
            "value": 0.11348643608701725,
            "min": 0.09125934039087345,
            "max": 0.13191139784952005,
            "count": 40
        },
        "MoveToFinishLine.Losses.ValueLoss.mean": {
            "value": 0.0904130790879329,
            "min": 0.07277455086509388,
            "max": 0.18410956462224326,
            "count": 40
        },
        "MoveToFinishLine.Losses.ValueLoss.sum": {
            "value": 0.4520653954396645,
            "min": 0.32199297510087493,
            "max": 0.9205478231112163,
            "count": 40
        },
        "MoveToFinishLine.Policy.LearningRate.mean": {
            "value": 4.265978578040001e-06,
            "min": 4.265978578040001e-06,
            "max": 0.0002961501012833,
            "count": 40
        },
        "MoveToFinishLine.Policy.LearningRate.sum": {
            "value": 2.13298928902e-05,
            "min": 2.13298928902e-05,
            "max": 0.0014460975179675,
            "count": 40
        },
        "MoveToFinishLine.Policy.Epsilon.mean": {
            "value": 0.10142196,
            "min": 0.10142196,
            "max": 0.1987167,
            "count": 40
        },
        "MoveToFinishLine.Policy.Epsilon.sum": {
            "value": 0.5071098,
            "min": 0.41494105000000003,
            "max": 0.9820325,
            "count": 40
        },
        "MoveToFinishLine.Policy.Beta.mean": {
            "value": 8.0955804e-05,
            "min": 8.0955804e-05,
            "max": 0.00493596333,
            "count": 40
        },
        "MoveToFinishLine.Policy.Beta.sum": {
            "value": 0.00040477902,
            "min": 0.00040477902,
            "max": 0.024103421750000003,
            "count": 40
        },
        "MoveToFinishLine.IsTraining.mean": {
            "value": 1.0,
            "min": 1.0,
            "max": 1.0,
            "count": 40
        },
        "MoveToFinishLine.IsTraining.sum": {
            "value": 1.0,
            "min": 1.0,
            "max": 1.0,
            "count": 40
        }
    },
    "metadata": {
        "timer_format_version": "0.1.0",
        "start_time_seconds": "1768575665",
        "python_version": "3.10.11 (tags/v3.10.11:7d4cc5a, Apr  5 2023, 00:38:17) [MSC v.1929 64 bit (AMD64)]",
        "command_line_arguments": "D:\\inz\\jumpio\\venv-mlagents1\\Scripts\\mlagents-learn frontend_unity\\configs\\ppo_default.yaml --run-id=testWithVectors4v31x1",
        "mlagents_version": "1.1.0",
        "mlagents_envs_version": "1.1.0",
        "communication_protocol_version": "1.5.0",
        "pytorch_version": "2.7.0+cu128",
        "numpy_version": "1.23.5",
        "end_time_seconds": "1768586696"
    },
    "total": 11031.07528009999,
    "count": 1,
    "self": 0.007838599995011464,
    "children": {
        "run_training.setup": {
            "total": 0.07436939999752212,
            "count": 1,
            "self": 0.07436939999752212
        },
        "TrainerController.start_learning": {
            "total": 11030.993072099998,
            "count": 1,
            "self": 20.546931985227275,
            "children": {
                "TrainerController._reset_env": {
                    "total": 20.116706000000704,
                    "count": 1,
                    "self": 20.116706000000704
                },
                "TrainerController.advance": {
                    "total": 10990.280868914779,
                    "count": 2030188,
                    "self": 20.300360334076686,
                    "children": {
                        "env_step": {
                            "total": 10606.633159793972,
                            "count": 2030188,
                            "self": 5902.171173008886,
                            "children": {
                                "SubprocessEnvManager._take_step": {
                                    "total": 4691.101060386922,
                                    "count": 2030188,
                                    "self": 56.977709370679804,
                                    "children": {
                                        "TorchPolicy.evaluate": {
                                            "total": 4634.123351016242,