{"count":1,"self":996.31708159999994,"total":1035.6079895,"children":{"InitializeActuators":{"count":25,"self":0.0015136,"total":0.0015136,"children":null},"InitializeSensors":{"count":25,"self":0.0029844,"total":0.0029844,"children":null},"AgentSendState":{"count":51777,"self":0.4862042,"total":16.7315675,"children":{"CollectObservations":{"count":258900,"self":16.018335999999998,"total":16.0183358,"children":null},"WriteActionMask":{"count":258900,"self":0.10856049999999999,"total":0.10856049999999999,"children":null},"RequestDecision":{"count":258900,"self":0.11846699999999999,"total":0.11846699999999999,"children":null}}},"DecideAction":{"count":51777,"self":22.058331199999998,"total":22.0583307,"children":null},"AgentAct":{"count":51777,"self":0.4939356,"total":0.4939356,"children":null}},"gauges":{"MoveToFinishLine.CumulativeReward":{"count":3114,"max":3.87440181,"min":-9.743017,"runningAverage":2.132841,"value":3.7798655,"weightedAverage":2.90360975}},"metadata":{"timer_format_version":"0.1.0","start_time_seconds":"1769350692","unity_version":"6000.2.1f1","command_line_arguments":"D:\\inz\\jumpio\\builds\\training_windows\\Jumpio.exe","communication_protocol_version":"1.5.0","com.unity.ml-agents_version":"4.0.0","scene_name":"TrainingScene","end_time_seconds":"1769351728"}}