{
    "name": "root",
    "gauges": {
        "MoveToFinishLine.Policy.Entropy.mean": {
            "value": 0.5777347087860107,
            "min": 0.5777347087860107,
            "max": 1.362309217453003,
            "count": 35
        },
        "MoveToFinishLine.Policy.Entropy.sum": {
            "value": 28886.734375,
            "min": 28886.734375,
            "max": 68966.90625,
            "count": 35
        },
        "MoveToFinishLine.Environment.EpisodeLength.mean": {
            "value": 56.14675767918089,
            "min": 40.50747508305648,
            "max": 58.084023668639055,
            "count": 35
        },
        "MoveToFinishLine.Environment.EpisodeLength.sum": {
            "value": 49353.0,
            "min": 48771.0,
            "max": 49425.0,
            "count": 35
        },
        "MoveToFinishLine.SuccessRate.mean": {
            "value": 0.7995418098510882,
            "min": 0.1045016077170418,
            "max": 0.8028169014084507,
            "count": 35
        },
        "MoveToFinishLine.SuccessRate.sum": {
            "value": 1396.0,
            "min": 325.0,
            "max": 1396.0,
            "count": 35
        },
        "MoveToFinishLine.DeathRate.mean": {
            "value": 0.2004581901489118,
            "min": 0.19718309859154928,
            "max": 0.8954983922829582,
            "count": 35
        },
        "MoveToFinishLine.DeathRate.sum": {
            "value": 350.0,
            "min": 336.0,
            "max": 3253.0,
            "count": 35
        },
        "MoveToFinishLine.TimeoutRate.mean": {
            "value": 0.0,
            "min": 0.0,
            "max": 0.0,
            "count": 35
        },
        "MoveToFinishLine.TimeoutRate.sum": {
            "value": 0.0,
            "min": 0.0,
            "max": 0.0,
            "count": 35
        },
        "MoveToFinishLine.Step.mean": {
            "value": 1749984.0,
            "min": 49973.0,
            "max": 1749984.0,
            "count": 35
        },
        "MoveToFinishLine.Step.sum": {
            "value": 1749984.0,
            "min": 49973.0,
            "max": 1749984.0,
            "count": 35
        },
        "MoveToFinishLine.Policy.ExtrinsicValueEstimate.mean": {
            "value": 1.0228688716888428,
            "min": -0.13380959630012512,
            "max": 1.0228688716888428,
            "count": 35
        },
        "MoveToFinishLine.Policy.ExtrinsicValueEstimate.sum": {
            "value": 1172.207763671875,
            "min": -178.90342712402344,
            "max": 1188.507080078125,
            "count": 35
        },
        "MoveToFinishLine.Environment.CumulativeReward.mean": {
            "value": 1.7233186460721703,
            "min": -0.10448666891789389,
            "max": 1.7318944620125205,
            "count": 35
        },
        "MoveToFinishLine.Environment.CumulativeReward.sum": {
            "value": 1513.0737712513655,
            "min": -106.36742895841599,
            "max": 1513.0737712513655,
            "count": 35
        },
        "MoveToFinishLine.Policy.ExtrinsicReward.mean": {
            "value": 1.7233186460721703,
            "min": -0.10448666891789389,
            "max": 1.7318944620125205,
            "count": 35
        },
        "MoveToFinishLine.Policy.ExtrinsicReward.sum": {
            "value": 1513.0737712513655,
            "min": -106.36742895841599,
            "max": 1513.0737712513655,
            "count": 35
        },
        "MoveToFinishLine.Losses.PolicyLoss.mean": {
            "value": 0.16272043938460273,
            "min": 0.15383004319030857,
            "max": 0.21730876616056777,
            "count": 35
        },
        "MoveToFinishLine.Losses.PolicyLoss.sum": {
            "value": 1.1390430756922192,
            "min": 1.07681030233216,
            "max": 1.9053555948970218,
            "count": 35
        },
        "MoveToFinishLine.Losses.ValueLoss.mean": {
            "value": 0.095978188088962,
            "min": 0.08937934733749854,
            "max": 0.19781900964056454,
            "count": 35
        },
        "MoveToFinishLine.Losses.ValueLoss.sum": {
            "value": 0.671847316622734,
            "min": 0.6256554313624898,
            "max": 1.638816981514295,
            "count": 35
        },
        "MoveToFinishLine.Policy.LearningRate.mean": {
            "value": 4.095848634720001e-05,
            "min": 4.095848634720001e-05,
            "max": 0.00029580558889813745,
            "count": 35
        },
        "MoveToFinishLine.Policy.LearningRate.sum": {
            "value": 0.0002867094044304001,
            "min": 0.0002867094044304001,
            "max": 0.0025973919342026997,
            "count": 35
        },
        "MoveToFinishLine.Policy.Epsilon.mean": {
            "value": 0.1136528,
            "min": 0.1136528,
            "max": 0.19860186250000003,
            "count": 35
        },
        "MoveToFinishLine.Policy.Epsilon.sum": {
            "value": 0.7955696,
            "min": 0.7955696,
            "max": 1.7657973000000002,
            "count": 35
        },
        "MoveToFinishLine.Policy.Beta.mean": {
            "value": 0.0006912747200000005,
            "min": 0.0006912747200000005,
            "max": 0.00493023293875,
            "count": 35
        },
        "MoveToFinishLine.Policy.Beta.sum": {
            "value": 0.0048389230400000035,
            "min": 0.0048389230400000035,
            "max": 0.04329328527,
            "count": 35
        },
        "MoveToFinishLine.IsTraining.mean": {
            "value": 1.0,
            "min": 1.0,
            "max": 1.0,
            "count": 35
        },
        "MoveToFinishLine.IsTraining.sum": {
            "value": 1.0,
            "min": 1.0,
            "max": 1.0,
            "count": 35
        }
    },
    "metadata": {
        "timer_format_version": "0.1.0",
        "start_time_seconds": "1768501831",
        "python_version": "3.10.11 (tags/v3.10.11:7d4cc5a, Apr  5 2023, 00:38:17) [MSC v.1929 64 bit (AMD64)]",
        "command_line_arguments": "D:\\inz\\jumpio\\venv-mlagents1\\Scripts\\mlagents-learn frontend_unity\\configs\\ppo_lstm.yaml --run-id=testWithLSTM",
        "mlagents_version": "1.1.0",
        "mlagents_envs_version": "1.1.0",
        "communication_protocol_version": "1.5.0",
        "pytorch_version": "2.7.0+cu128",
        "numpy_version": "1.23.5",
        "end_time_seconds": "1768503873"
    },
    "total": 2041.6762392,
    "count": 1,
    "self": 0.004094200001418358,
    "children": {
        "run_training.setup": {
            "total": 0.07084059999942838,
            "count": 1,
            "self": 0.07084059999942838
        },
        "TrainerController.start_learning": {
            "total": 2041.6013043999992,
            "count": 1,
            "self": 1.2003614998611738,
            "children": {
                "TrainerController._reset_env": {
                    "total": 15.440923699999985,
                    "count": 1,
                    "self": 15.440923699999985
                },
                "TrainerController.advance": {
                    "total": 2024.8781989001382,
                    "count": 97320,
                    "self": 1.088703799774521,
                    "children": {
                        "env_step": {
                            "total": 1661.9147949001763,
                            "count": 97320,
                            "self": 1443.914380400296,
                            "children": {
                                "SubprocessEnvManager._take_step": {
                                    "total": 217.25045369978216,
                                    "count": 97320,
                                    "self": 4.098663499491522,
                                    "children": {
                                        "TorchPolicy.evaluate": {
                                            "total": 213.15179020029063,