{
    "name": "root",
    "gauges": {
        "MoveToFinishLine.Policy.Entropy.mean": {
            "value": 1.1263198852539062,
            "min": 1.1263198852539062,
            "max": 1.7621204853057861,
            "count": 9
        },
        "MoveToFinishLine.Policy.Entropy.sum": {
            "value": 56118.890625,
            "min": 56118.890625,
            "max": 89383.5625,
            "count": 9
        },
        "MoveToFinishLine.Environment.EpisodeLength.mean": {
            "value": 133.946949602122,
            "min": 75.28374233128834,
            "max": 137.9025069637883,
            "count": 9
        },
        "MoveToFinishLine.Environment.EpisodeLength.sum": {
            "value": 50498.0,
            "min": 47774.0,
            "max": 50498.0,
            "count": 9
        },
        "MoveToFinishLine.SuccessRate.mean": {
            "value": 0.14773629864972201,
            "min": 0.012247838616714697,
            "max": 0.14773629864972201,
            "count": 9
        },
        "MoveToFinishLine.SuccessRate.sum": {
            "value": 186.0,
            "min": 34.0,
            "max": 192.0,
            "count": 9
        },
        "MoveToFinishLine.DeathRate.mean": {
            "value": 0.7712470214455918,
            "min": 0.7712470214455918,
            "max": 0.9755043227665706,
            "count": 9
        },
        "MoveToFinishLine.DeathRate.sum": {
            "value": 971.0,
            "min": 971.0,
            "max": 2708.0,
            "count": 9
        },
        "MoveToFinishLine.TimeoutRate.mean": {
            "value": 0.08101667990468626,
            "min": 0.0,
            "max": 0.08101667990468626,
            "count": 9
        },
        "MoveToFinishLine.TimeoutRate.sum": {
            "value": 102.0,
            "min": 0.0,
            "max": 102.0,
            "count": 9
        },
        "MoveToFinishLine.Step.mean": {
            "value": 449967.0,
            "min": 49976.0,
            "max": 449967.0,
            "count": 9
        },
        "MoveToFinishLine.Step.sum": {
            "value": 449967.0,
            "min": 49976.0,
            "max": 449967.0,
            "count": 9
        },
        "MoveToFinishLine.Policy.ExtrinsicValueEstimate.mean": {
            "value": 0.42522382736206055,
            "min": -0.09768809378147125,
            "max": 0.42522382736206055,
            "count": 9
        },
        "MoveToFinishLine.Policy.ExtrinsicValueEstimate.sum": {
            "value": 418.4202575683594,
            "min": -102.27943420410156,
            "max": 418.4202575683594,
            "count": 9
        },
        "MoveToFinishLine.Environment.CumulativeReward.mean": {
            "value": 1.2021048098249207,
            "min": -0.22306790004551638,
            "max": 1.2021048098249207,
            "count": 9
        },
        "MoveToFinishLine.Environment.CumulativeReward.sum": {
            "value": 453.19351330399513,
            "min": -117.33371542394161,
            "max": 453.19351330399513,
            "count": 9
        },
        "MoveToFinishLine.Policy.ExtrinsicReward.mean": {
            "value": 1.2021048098249207,
            "min": -0.22306790004551638,
            "max": 1.2021048098249207,
            "count": 9
        },
        "MoveToFinishLine.Policy.ExtrinsicReward.sum": {
            "value": 453.19351330399513,
            "min": -117.33371542394161,
            "max": 453.19351330399513,
            "count": 9
        },
        "MoveToFinishLine.Losses.PolicyLoss.mean": {
            "value": 0.023565566930919886,
            "min": 0.022456636660111447,
            "max": 0.026831334941089156,
            "count": 9
        },
        "MoveToFinishLine.Losses.PolicyLoss.sum": {
            "value": 0.11782783465459942,
            "min": 0.08982654664044579,
            "max": 0.1341566747054458,
            "count": 9
        },
        "MoveToFinishLine.Losses.ValueLoss.mean": {
            "value": 0.06448203762372334,
            "min": 0.0533541946982344,
            "max": 0.08883176590005556,
            "count": 9
        },
        "MoveToFinishLine.Losses.ValueLoss.sum": {
            "value": 0.3224101881186167,
            "min": 0.2134167787929376,
            "max": 0.44415882950027785,
            "count": 9
        },
        "MoveToFinishLine.Policy.LearningRate.mean": {
            "value": 0.00023675726108092002,
            "min": 0.00023675726108092002,
            "max": 0.00029614867628377495,
            "count": 9
        },
        "MoveToFinishLine.Policy.LearningRate.sum": {
            "value": 0.0011837863054046,
            "min": 0.0009747915750695001,
            "max": 0.0014460523679825498,
            "count": 9
        },
        "MoveToFinishLine.Policy.Epsilon.mean": {
            "value": 0.17891908,
            "min": 0.17891908,
            "max": 0.19871622499999997,
            "count": 9
        },
        "MoveToFinishLine.Policy.Epsilon.sum": {
            "value": 0.8945954,
            "min": 0.7249304999999999,
            "max": 0.9820174500000001,
            "count": 9
        },
        "MoveToFinishLine.Policy.Beta.mean": {
            "value": 0.003948062092000002,
            "min": 0.003948062092000002,
            "max": 0.004935939627499999,
            "count": 9
        },
        "MoveToFinishLine.Policy.Beta.sum": {
            "value": 0.019740310460000007,
            "min": 0.016254031949999997,
            "max": 0.024102670755,
            "count": 9
        },
        "MoveToFinishLine.IsTraining.mean": {
            "value": 1.0,
            "min": 1.0,
            "max": 1.0,
            "count": 9
        },
        "MoveToFinishLine.IsTraining.sum": {
            "value": 1.0,
            "min": 1.0,
            "max": 1.0,
            "count": 9
        }
    },
    "metadata": {
        "timer_format_version": "0.1.0",
        "start_time_seconds": "1768494483",
        "python_version": "3.10.11 (tags/v3.10.11:7d4cc5a, Apr  5 2023, 00:38:17) [MSC v.1929 64 bit (AMD64)]",
        "command_line_arguments": "D:\\inz\\jumpio\\venv-mlagents1\\Scripts\\mlagents-learn configs\\ppo_default.yaml --run-id=5chunks2",
        "mlagents_version": "1.1.0",
        "mlagents_envs_version": "1.1.0",
        "communication_protocol_version": "1.5.0",
        "pytorch_version": "2.7.0+cu128",
        "numpy_version": "1.23.5",
        "end_time_seconds": "1768494968"
    },
    "total": 484.9309333000001,
    "count": 1,
    "self": 0.0037406999999802792,
    "children": {
        "run_training.setup": {
            "total": 0.0742403999997805,
            "count": 1,
            "self": 0.0742403999997805
        },
        "TrainerController.start_learning": {
            "total": 484.85295220000035,
            "count": 1,
            "self": 0.2890111000451725,
            "children": {
                "TrainerController._reset_env": {
                    "total": 11.424829900000077,
                    "count": 1,
                    "self": 11.424829900000077
                },
                "TrainerController.advance": {
                    "total": 472.9735953999548,
                    "count": 23248,
                    "self": 0.26591679993316575,
                    "children": {
                        "env_step": {
                            "total": 396.2393715000003,
                            "count": 23248,
                            "self": 346.3818486000109,
                            "children": {
                                "SubprocessEnvManager._take_step": {
                                    "total": 49.677752699994016,
                                    "count": 23248,
                                    "self": 0.8336947999750919,
                                    "children": {
                                        "TorchPolicy.evaluate": {
                                            "total": 48.844057900018925,