{
    "name": "root",
    "gauges": {
        "MoveToFinishLine.Policy.Entropy.mean": {
            "value": 0.3522776663303375,
            "min": 0.3415372669696808,
            "max": 1.3613791465759277,
            "count": 40
        },
        "MoveToFinishLine.Policy.Entropy.sum": {
            "value": 17640.3046875,
            "min": 17042.708984375,
            "max": 68749.6484375,
            "count": 40
        },
        "MoveToFinishLine.Environment.EpisodeLength.mean": {
            "value": 56.610344827586204,
            "min": 44.772186642268984,
            "max": 59.145958986731,
            "count": 40
        },
        "MoveToFinishLine.Environment.EpisodeLength.sum": {
            "value": 49251.0,
            "min": 48708.0,
            "max": 49590.0,
            "count": 40
        },
        "MoveToFinishLine.SuccessRate.mean": {
            "value": 0.8234255444379046,
            "min": 0.10080896079651525,
            "max": 0.8234255444379046,
            "count": 40
        },
        "MoveToFinishLine.SuccessRate.sum": {
            "value": 1399.0,
            "min": 324.0,
            "max": 1399.0,
            "count": 40
        },
        "MoveToFinishLine.DeathRate.mean": {
            "value": 0.17422012948793408,
            "min": 0.17422012948793408,
            "max": 0.8991910392034848,
            "count": 40
        },
        "MoveToFinishLine.DeathRate.sum": {
            "value": 296.0,
            "min": 296.0,
            "max": 3019.0,
            "count": 40
        },
        "MoveToFinishLine.TimeoutRate.mean": {
            "value": 0.002354326074161271,
            "min": 0.0,
            "max": 0.006948465547191662,
            "count": 40
        },
        "MoveToFinishLine.TimeoutRate.sum": {
            "value": 4.0,
            "min": 0.0,
            "max": 12.0,
            "count": 40
        },
        "MoveToFinishLine.Step.mean": {
            "value": 1999953.0,
            "min": 49939.0,
            "max": 1999953.0,
            "count": 40
        },
        "MoveToFinishLine.Step.sum": {
            "value": 1999953.0,
            "min": 49939.0,
            "max": 1999953.0,
            "count": 40
        },
        "MoveToFinishLine.Policy.ExtrinsicValueEstimate.mean": {
            "value": 1.035921335220337,
            "min": -0.11482221633195877,
            "max": 1.0490812063217163,
            "count": 40
        },
        "MoveToFinishLine.Policy.ExtrinsicValueEstimate.sum": {
            "value": 1174.7347412109375,
            "min": -153.05801391601562,
            "max": 1174.7347412109375,
            "count": 40
        },
        "MoveToFinishLine.Environment.CumulativeReward.mean": {
            "value": 1.7880117544047962,
            "min": -0.10326529905415964,
            "max": 1.8030725914566121,
            "count": 40
        },
        "MoveToFinishLine.Environment.CumulativeReward.sum": {
            "value": 1555.5702263321728,
            "min": -106.87958452105522,
            "max": 1555.5702263321728,
            "count": 40
        },
        "MoveToFinishLine.Policy.ExtrinsicReward.mean": {
            "value": 1.7880117544047962,
            "min": -0.10326529905415964,
            "max": 1.8030725914566121,
            "count": 40
        },
        "MoveToFinishLine.Policy.ExtrinsicReward.sum": {
            "value": 1555.5702263321728,
            "min": -106.87958452105522,
            "max": 1555.5702263321728,
            "count": 40
        },
        "MoveToFinishLine.Losses.PolicyLoss.mean": {
            "value": 0.023916410198435187,
            "min": 0.020545108794855577,
            "max": 0.02850286569446325,
            "count": 40
        },
        "MoveToFinishLine.Losses.PolicyLoss.sum": {
            "value": 0.11958205099217593,
            "min": 0.08592301056099434,
            "max": 0.13095178694153825,
            "count": 40
        },
        "MoveToFinishLine.Losses.ValueLoss.mean": {
            "value": 0.08400906565288702,
            "min": 0.08032946209112804,
            "max": 0.18149201263984044,
            "count": 40
        },
        "MoveToFinishLine.Losses.ValueLoss.sum": {
            "value": 0.4200453282644351,
            "min": 0.3354317083954811,
            "max": 0.9074600631992022,
            "count": 40
        },
        "MoveToFinishLine.Policy.LearningRate.mean": {
            "value": 4.172228609289998e-06,
            "min": 4.172228609289998e-06,
            "max": 0.000296155726281425,
            "count": 40
        },
        "MoveToFinishLine.Policy.LearningRate.sum": {
            "value": 2.0861143046449993e-05,
            "min": 2.0861143046449993e-05,
            "max": 0.0014461066679644498,
            "count": 40
        },
        "MoveToFinishLine.Policy.Epsilon.mean": {
            "value": 0.10139071,
            "min": 0.10139071,
            "max": 0.198718575,
            "count": 40
        },
        "MoveToFinishLine.Policy.Epsilon.sum": {
            "value": 0.50695355,
            "min": 0.42507195,
            "max": 0.9820355500000002,
            "count": 40
        },
        "MoveToFinishLine.Policy.Beta.mean": {
            "value": 7.939642899999996e-05,
            "min": 7.939642899999996e-05,
            "max": 0.0049360568924999996,
            "count": 40
        },
        "MoveToFinishLine.Policy.Beta.sum": {
            "value": 0.00039698214499999984,
            "min": 0.00039698214499999984,
            "max": 0.024103573945000005,
            "count": 40
        },
        "MoveToFinishLine.IsTraining.mean": {
            "value": 1.0,
            "min": 1.0,
            "max": 1.0,
            "count": 40
        },
        "MoveToFinishLine.IsTraining.sum": {
            "value": 1.0,
            "min": 1.0,
            "max": 1.0,
            "count": 40
        }
    },
    "metadata": {
        "timer_format_version": "0.1.0",
        "start_time_seconds": "1768516258",
        "python_version": "3.10.11 (tags/v3.10.11:7d4cc5a, Apr  5 2023, 00:38:17) [MSC v.1929 64 bit (AMD64)]",
        "command_line_arguments": "D:\\inz\\jumpio\\venv-mlagents1\\Scripts\\mlagents-learn frontend_unity\\configs\\ppo_default.yaml --run-id=testWithVectorsJust11",
        "mlagents_version": "1.1.0",
        "mlagents_envs_version": "1.1.0",
        "communication_protocol_version": "1.5.0",
        "pytorch_version": "2.7.0+cu128",
        "numpy_version": "1.23.5",
        "end_time_seconds": "1768518736"
    },
    "total": 2478.1934537000016,
    "count": 1,
    "self": 0.004384699997899588,
    "children": {
        "run_training.setup": {
            "total": 0.0725975000023027,
            "count": 1,
            "self": 0.0725975000023027
        },
        "TrainerController.start_learning": {
            "total": 2478.1164715000014,
            "count": 1,
            "self": 1.4604837001970736,
            "children": {
                "TrainerController._reset_env": {
                    "total": 9.439361600001575,
                    "count": 1,
                    "self": 9.439361600001575
                },
                "TrainerController.advance": {
                    "total": 2467.170244799803,
                    "count": 108169,
                    "self": 1.3340632001891208,
                    "children": {
                        "env_step": {
                            "total": 2107.221397799305,
                            "count": 108169,
                            "self": 1869.2662187008173,
                            "children": {
                                "SubprocessEnvManager._take_step": {
                                    "total": 237.02363909893393,
                                    "count": 108169,
                                    "self": 3.616864299419831,