{
    "name": "root",
    "gauges": {
        "MoveToFinishLine.Policy.Entropy.mean": {
            "value": 1.2333476543426514,
            "min": 1.2260099649429321,
            "max": 1.7791014909744263,
            "count": 11
        },
        "MoveToFinishLine.Policy.Entropy.sum": {
            "value": 61698.21875,
            "min": 61361.796875,
            "max": 90111.4921875,
            "count": 11
        },
        "MoveToFinishLine.Environment.EpisodeLength.mean": {
            "value": 238.36057692307693,
            "min": 101.26609442060087,
            "max": 265.0053475935829,
            "count": 11
        },
        "MoveToFinishLine.Environment.EpisodeLength.sum": {
            "value": 49579.0,
            "min": 47190.0,
            "max": 50363.0,
            "count": 11
        },
        "MoveToFinishLine.SuccessRate.mean": {
            "value": 0.0,
            "min": 0.0,
            "max": 0.0,
            "count": 11
        },
        "MoveToFinishLine.SuccessRate.sum": {
            "value": 0.0,
            "min": 0.0,
            "max": 0.0,
            "count": 11
        },
        "MoveToFinishLine.DeathRate.mean": {
            "value": 0.7351598173515982,
            "min": 0.6439393939393939,
            "max": 0.9803232607167955,
            "count": 11
        },
        "MoveToFinishLine.DeathRate.sum": {
            "value": 483.0,
            "min": 340.0,
            "max": 2790.0,
            "count": 11
        },
        "MoveToFinishLine.TimeoutRate.mean": {
            "value": 0.2648401826484018,
            "min": 0.019676739283204497,
            "max": 0.3560606060606061,
            "count": 11
        },
        "MoveToFinishLine.TimeoutRate.sum": {
            "value": 174.0,
            "min": 56.0,
            "max": 188.0,
            "count": 11
        },
        "MoveToFinishLine.Step.mean": {
            "value": 549976.0,
            "min": 49990.0,
            "max": 549976.0,
            "count": 11
        },
        "MoveToFinishLine.Step.sum": {
            "value": 549976.0,
            "min": 49990.0,
            "max": 549976.0,
            "count": 11
        },
        "MoveToFinishLine.Policy.ExtrinsicValueEstimate.mean": {
            "value": 0.11952248215675354,
            "min": -0.28735536336898804,
            "max": 0.12378589063882828,
            "count": 11
        },
        "MoveToFinishLine.Policy.ExtrinsicValueEstimate.sum": {
            "value": 108.28736877441406,
            "min": -275.28643798828125,
            "max": 111.03594207763672,
            "count": 11
        },
        "MoveToFinishLine.Environment.CumulativeReward.mean": {
            "value": 0.35055119805754376,
            "min": -0.755305250025084,
            "max": 0.5088741941088661,
            "count": 11
        },
        "MoveToFinishLine.Environment.CumulativeReward.sum": {
            "value": 72.9146491959691,
            "min": -351.21694126166403,
            "max": 95.15947429835796,
            "count": 11
        },
        "MoveToFinishLine.Policy.ExtrinsicReward.mean": {
            "value": 0.35055119805754376,
            "min": -0.755305250025084,
            "max": 0.5088741941088661,
            "count": 11
        },
        "MoveToFinishLine.Policy.ExtrinsicReward.sum": {
            "value": 72.9146491959691,
            "min": -351.21694126166403,
            "max": 95.15947429835796,
            "count": 11
        },
        "MoveToFinishLine.Losses.PolicyLoss.mean": {
            "value": 0.02485885621669392,
            "min": 0.02035510872490704,
            "max": 0.02485885621669392,
            "count": 11
        },
        "MoveToFinishLine.Losses.PolicyLoss.sum": {
            "value": 0.1242942810834696,
            "min": 0.09781803193812569,
            "max": 0.1242942810834696,
            "count": 11
        },
        "MoveToFinishLine.Losses.ValueLoss.mean": {
            "value": 0.022638985595355432,
            "min": 0.01740843705212077,
            "max": 0.03747139950282872,
            "count": 11
        },
        "MoveToFinishLine.Losses.ValueLoss.sum": {
            "value": 0.11319492797677716,
            "min": 0.08647975859542686,
            "max": 0.14988559801131487,
            "count": 11
        },
        "MoveToFinishLine.Policy.LearningRate.mean": {
            "value": 0.00022132808622397996,
            "min": 0.00022132808622397996,
            "max": 0.00029614395128535,
            "count": 11
        },
        "MoveToFinishLine.Policy.LearningRate.sum": {
            "value": 0.0011066404311198999,
            "min": 0.0009749076750307998,
            "max": 0.0014460733679755497,
            "count": 11
        },
        "MoveToFinishLine.Policy.Epsilon.mean": {
            "value": 0.17377602,
            "min": 0.17377602,
            "max": 0.19871465000000005,
            "count": 11
        },
        "MoveToFinishLine.Policy.Epsilon.sum": {
            "value": 0.8688801,
            "min": 0.7249691999999999,
            "max": 0.98202445,
            "count": 11
        },
        "MoveToFinishLine.Policy.Beta.mean": {
            "value": 0.0036914233980000002,
            "min": 0.0036914233980000002,
            "max": 0.004935861034999999,
            "count": 11
        },
        "MoveToFinishLine.Policy.Beta.sum": {
            "value": 0.01845711699,
            "min": 0.016255963079999998,
            "max": 0.024103020055,
            "count": 11
        },
        "MoveToFinishLine.IsTraining.mean": {
            "value": 1.0,
            "min": 1.0,
            "max": 1.0,
            "count": 11
        },
        "MoveToFinishLine.IsTraining.sum": {
            "value": 1.0,
            "min": 1.0,
            "max": 1.0,
            "count": 11
        }
    },
    "metadata": {
        "timer_format_version": "0.1.0",
        "start_time_seconds": "1768492527",
        "python_version": "3.10.11 (tags/v3.10.11:7d4cc5a, Apr  5 2023, 00:38:17) [MSC v.1929 64 bit (AMD64)]",
        "command_line_arguments": "D:\\inz\\jumpio\\venv-mlagents1\\Scripts\\mlagents-learn configs\\ppo_default.yaml --run-id=long_level_v2",
        "mlagents_version": "1.1.0",
        "mlagents_envs_version": "1.1.0",
        "communication_protocol_version": "1.5.0",
        "pytorch_version": "2.7.0+cu128",
        "numpy_version": "1.23.5",
        "end_time_seconds": "1768493112"
    },
    "total": 585.3073530999999,
    "count": 1,
    "self": 0.0032740999998850384,
    "children": {
        "run_training.setup": {
            "total": 0.07048739999993359,
            "count": 1,
            "self": 0.07048739999993359
        },
        "TrainerController.start_learning": {
            "total": 585.2335916000001,
            "count": 1,
            "self": 0.3234629000036193,
            "children": {
                "TrainerController._reset_env": {
                    "total": 17.17900860000009,
                    "count": 1,
                    "self": 17.17900860000009
                },
                "TrainerController.advance": {
                    "total": 567.6833629999962,
                    "count": 24384,
                    "self": 0.27657649999491696,
                    "children": {
                        "env_step": {
                            "total": 481.44276520000835,
                            "count": 24384,
                            "self": 423.7467900999826,
                            "children": {
                                "SubprocessEnvManager._take_step": {
                                    "total": 57.498127300008264,
                                    "count": 24384,
                                    "self": 0.868004000025735,
                                    "children": {
                                        "TorchPolicy.evaluate": {
                                            "total": 56.63012329998253,