{
    "name": "root",
    "gauges": {
        "MoveToFinishLine.Policy.Entropy.mean": {
            "value": 1.346906304359436,
            "min": 1.346906304359436,
            "max": 1.346906304359436,
            "count": 1
        },
        "MoveToFinishLine.Policy.Entropy.sum": {
            "value": 68288.1484375,
            "min": 68288.1484375,
            "max": 68288.1484375,
            "count": 1
        },
        "MoveToFinishLine.Environment.EpisodeLength.mean": {
            "value": 52.48338692390139,
            "min": 52.48338692390139,
            "max": 52.48338692390139,
            "count": 1
        },
        "MoveToFinishLine.Environment.EpisodeLength.sum": {
            "value": 48967.0,
            "min": 48967.0,
            "max": 48967.0,
            "count": 1
        },
        "MoveToFinishLine.SuccessRate.mean": {
            "value": 0.11351177039664624,
            "min": 0.11351177039664624,
            "max": 0.11351177039664624,
            "count": 1
        },
        "MoveToFinishLine.SuccessRate.sum": {
            "value": 352.0,
            "min": 352.0,
            "max": 352.0,
            "count": 1
        },
        "MoveToFinishLine.DeathRate.mean": {
            "value": 0.8864882296033537,
            "min": 0.8864882296033537,
            "max": 0.8864882296033537,
            "count": 1
        },
        "MoveToFinishLine.DeathRate.sum": {
            "value": 2749.0,
            "min": 2749.0,
            "max": 2749.0,
            "count": 1
        },
        "MoveToFinishLine.TimeoutRate.mean": {
            "value": 0.0,
            "min": 0.0,
            "max": 0.0,
            "count": 1
        },
        "MoveToFinishLine.TimeoutRate.sum": {
            "value": 0.0,
            "min": 0.0,
            "max": 0.0,
            "count": 1
        },
        "MoveToFinishLine.Step.mean": {
            "value": 49964.0,
            "min": 49964.0,
            "max": 49964.0,
            "count": 1
        },
        "MoveToFinishLine.Step.sum": {
            "value": 49964.0,
            "min": 49964.0,
            "max": 49964.0,
            "count": 1
        },
        "MoveToFinishLine.Policy.ExtrinsicValueEstimate.mean": {
            "value": 0.21427565813064575,
            "min": 0.21427565813064575,
            "max": 0.21427565813064575,
            "count": 1
        },
        "MoveToFinishLine.Policy.ExtrinsicValueEstimate.sum": {
            "value": 271.2729797363281,
            "min": 271.2729797363281,
            "max": 271.2729797363281,
            "count": 1
        },
        "MoveToFinishLine.Environment.CumulativeReward.mean": {
            "value": 0.08227565648215887,
            "min": 0.08227565648215887,
            "max": 0.08227565648215887,
            "count": 1
        },
        "MoveToFinishLine.Environment.CumulativeReward.sum": {
            "value": 76.76318749785423,
            "min": 76.76318749785423,
            "max": 76.76318749785423,
            "count": 1
        },
        "MoveToFinishLine.Policy.ExtrinsicReward.mean": {
            "value": 0.08227565648215887,
            "min": 0.08227565648215887,
            "max": 0.08227565648215887,
            "count": 1
        },
        "MoveToFinishLine.Policy.ExtrinsicReward.sum": {
            "value": 76.76318749785423,
            "min": 76.76318749785423,
            "max": 76.76318749785423,
            "count": 1
        },
        "MoveToFinishLine.Losses.PolicyLoss.mean": {
            "value": 0.02200102268640573,
            "min": 0.02200102268640573,
            "max": 0.02200102268640573,
            "count": 1
        },
        "MoveToFinishLine.Losses.PolicyLoss.sum": {
            "value": 0.08800409074562292,
            "min": 0.08800409074562292,
            "max": 0.08800409074562292,
            "count": 1
        },
        "MoveToFinishLine.Losses.ValueLoss.mean": {
            "value": 0.14900431043157977,
            "min": 0.14900431043157977,
            "max": 0.14900431043157977,
            "count": 1
        },
        "MoveToFinishLine.Losses.ValueLoss.sum": {
            "value": 0.5960172417263191,
            "min": 0.5960172417263191,
            "max": 0.5960172417263191,
            "count": 1
        },
        "MoveToFinishLine.Policy.LearningRate.mean": {
            "value": 0.0002961519012827,
            "min": 0.0002961519012827,
            "max": 0.0002961519012827,
            "count": 1
        },
        "MoveToFinishLine.Policy.LearningRate.sum": {
            "value": 0.0011846076051308,
            "min": 0.0011846076051308,
            "max": 0.0011846076051308,
            "count": 1
        },
        "MoveToFinishLine.Policy.Epsilon.mean": {
            "value": 0.19871729999999999,
            "min": 0.19871729999999999,
            "max": 0.19871729999999999,
            "count": 1
        },
        "MoveToFinishLine.Policy.Epsilon.sum": {
            "value": 0.7948691999999999,
            "min": 0.7948691999999999,
            "max": 0.7948691999999999,
            "count": 1
        },
        "MoveToFinishLine.Policy.Beta.mean": {
            "value": 0.00493599327,
            "min": 0.00493599327,
            "max": 0.00493599327,
            "count": 1
        },
        "MoveToFinishLine.Policy.Beta.sum": {
            "value": 0.01974397308,
            "min": 0.01974397308,
            "max": 0.01974397308,
            "count": 1
        },
        "MoveToFinishLine.IsTraining.mean": {
            "value": 1.0,
            "min": 1.0,
            "max": 1.0,
            "count": 1
        },
        "MoveToFinishLine.IsTraining.sum": {
            "value": 1.0,
            "min": 1.0,
            "max": 1.0,
            "count": 1
        }
    },
    "metadata": {
        "timer_format_version": "0.1.0",
        "start_time_seconds": "1768495931",
        "python_version": "3.10.11 (tags/v3.10.11:7d4cc5a, Apr  5 2023, 00:38:17) [MSC v.1929 64 bit (AMD64)]",
        "command_line_arguments": "D:\\inz\\jumpio\\venv-mlagents1\\Scripts\\mlagents-learn configs\\ppo_default.yaml --run-id=5chunks2onlyright",
        "mlagents_version": "1.1.0",
        "mlagents_envs_version": "1.1.0",
        "communication_protocol_version": "1.5.0",
        "pytorch_version": "2.7.0+cu128",
        "numpy_version": "1.23.5",
        "end_time_seconds": "1768496063"
    },
    "total": 131.91343270000016,
    "count": 1,
    "self": 0.0046145000005708425,
    "children": {
        "run_training.setup": {
            "total": 0.09929519999968761,
            "count": 1,
            "self": 0.09929519999968761
        },
        "TrainerController.start_learning": {
            "total": 131.8095229999999,
            "count": 1,
            "self": 0.05598069996722188,
            "children": {
                "TrainerController._reset_env": {
                    "total": 11.24579520000043,
                    "count": 1,
                    "self": 11.24579520000043
                },
                "TrainerController.advance": {
                    "total": 120.28989710003225,
                    "count": 4997,
                    "self": 0.05181900003208284,
                    "children": {
                        "env_step": {
                            "total": 105.9828269000136,
                            "count": 4997,
                            "self": 96.66276860002654,
                            "children": {
                                "SubprocessEnvManager._take_step": {
                                    "total": 9.28584679996311,
                                    "count": 4997,
                                    "self": 0.14179240000066784,
                                    "children": {
                                        "TorchPolicy.evaluate": {
                                            "total": 9.144054399962442,
                                            "count": 3581,