{
    "name": "root",
    "metadata": {
        "timer_format_version": "0.1.0",
        "start_time_seconds": "1768501013",
        "python_version": "3.10.11 (tags/v3.10.11:7d4cc5a, Apr  5 2023, 00:38:17) [MSC v.1929 64 bit (AMD64)]",
        "command_line_arguments": "D:\\inz\\jumpio\\venv-mlagents1\\Scripts\\mlagents-learn configs\\ppo_demo.yaml --run-id=demo",
        "mlagents_version": "1.1.0",
        "mlagents_envs_version": "1.1.0",
        "communication_protocol_version": "1.5.0",
        "pytorch_version": "2.7.0+cu128",
        "numpy_version": "1.23.5",
        "end_time_seconds": "1768501035"
    },
    "total": 22.90347269999984,
    "count": 1,
    "self": 0.006306599998424645,
    "children": {
        "run_training.setup": {
            "total": 0.0724356999999145,
            "count": 1,
            "self": 0.0724356999999145
        },
        "TrainerController.start_learning": {
            "total": 22.8247304000015,
            "count": 1,
            "self": 8.680000246386044e-05,
            "children": {
                "TrainerController._reset_env": {
                    "total": 22.82211719999941,
                    "count": 1,
                    "self": 22.82201249999889,
                    "children": {
                        "demo_to_buffer": {
                            "total": 0.00010470000052009709,
                            "count": 1,
                            "self": 2.3399999918183312e-05,
                            "children": {
                                "load_demonstration": {
                                    "total": 8.130000060191378e-05,
                                    "count": 1,
                                    "self": 8.130000060191378e-05
                                }
                            }
                        }
                    }
                },
                "TrainerController._save_models": {
                    "total": 0.002526399999624118,
                    "count": 1,
                    "self": 0.00012799999967683107,
                    "children": {
                        "RLTrainer._checkpoint": {
                            "total": 0.002398399999947287,
                            "count": 1,
                            "self": 0.002398399999947287
                        }
                    }
                }
            }
        }
    }
}